experiment	scale_key	cell_key	metric	value
isolation	exp_w_writers_n1	writers	trial0_total_actual_rate	197.414044
isolation	exp_w_writers_n1	writers	trial0_xact_commit_per_sec	198.834076
isolation	exp_w_writers_n1	writers	trial0_events_committed	3949
isolation	exp_w_writers_n1	writers	trial1_total_actual_rate	197.268374
isolation	exp_w_writers_n1	writers	trial1_xact_commit_per_sec	198.100366
isolation	exp_w_writers_n1	writers	trial1_events_committed	3946
isolation	exp_w_writers_n1	writers	trial2_total_actual_rate	196.637887
isolation	exp_w_writers_n1	writers	trial2_xact_commit_per_sec	197.192170
isolation	exp_w_writers_n1	writers	trial2_events_committed	3933
isolation	exp_w_writers_n1	writers	across_trial_rate_mean	197.106768
isolation	exp_w_writers_n1	writers	across_trial_rate_std	0.412544
isolation	exp_w_writers_n1	writers	across_trial_xact_mean	198.042204
isolation	exp_w_writers_n1	writers	across_trial_xact_std	0.822496
isolation	exp_w_writers_n1	writers	writer_count	1
isolation	exp_w_writers_n1	writers	target_total_rate	200
isolation	exp_w_writers_n30	writers	trial0_total_actual_rate	4775.692989
isolation	exp_w_writers_n30	writers	trial0_xact_commit_per_sec	4756.227796
isolation	exp_w_writers_n30	writers	trial0_events_committed	95530
isolation	exp_w_writers_n30	writers	trial1_total_actual_rate	4811.681302
isolation	exp_w_writers_n30	writers	trial1_xact_commit_per_sec	4791.231265
isolation	exp_w_writers_n30	writers	trial1_events_committed	96243
isolation	exp_w_writers_n30	writers	trial2_total_actual_rate	4882.720406
isolation	exp_w_writers_n30	writers	trial2_xact_commit_per_sec	4862.753062
isolation	exp_w_writers_n30	writers	trial2_events_committed	97674
isolation	exp_w_writers_n30	writers	across_trial_rate_mean	4823.364899
isolation	exp_w_writers_n30	writers	across_trial_rate_std	54.461884
isolation	exp_w_writers_n30	writers	across_trial_xact_mean	4803.404041
isolation	exp_w_writers_n30	writers	across_trial_xact_std	54.295860
isolation	exp_w_writers_n30	writers	writer_count	30
isolation	exp_w_writers_n30	writers	target_total_rate	6000
isolation	exp_w_writers_n100	writers	trial0_total_actual_rate	16149.959686
isolation	exp_w_writers_n100	writers	trial0_xact_commit_per_sec	15970.480810
isolation	exp_w_writers_n100	writers	trial0_events_committed	323053
isolation	exp_w_writers_n100	writers	trial1_total_actual_rate	15640.542585
isolation	exp_w_writers_n100	writers	trial1_xact_commit_per_sec	15468.519097
isolation	exp_w_writers_n100	writers	trial1_events_committed	312864
isolation	exp_w_writers_n100	writers	trial2_total_actual_rate	15879.355183
isolation	exp_w_writers_n100	writers	trial2_xact_commit_per_sec	15706.134811
isolation	exp_w_writers_n100	writers	trial2_events_committed	317634
isolation	exp_w_writers_n100	writers	across_trial_rate_mean	15889.952485
isolation	exp_w_writers_n100	writers	across_trial_rate_std	254.873837
isolation	exp_w_writers_n100	writers	across_trial_xact_mean	15715.044906
isolation	exp_w_writers_n100	writers	across_trial_xact_std	251.099448
isolation	exp_w_writers_n100	writers	writer_count	100
isolation	exp_w_writers_n100	writers	target_total_rate	20000
isolation	exp_c_cdc_rate6000_n1	push	trial0_median_ms	4.230639
isolation	exp_c_cdc_rate6000_n1	push	trial0_xact_commit_per_sec	193.147911
isolation	exp_c_cdc_rate6000_n1	push	trial1_median_ms	4.169876
isolation	exp_c_cdc_rate6000_n1	push	trial1_xact_commit_per_sec	197.825220
isolation	exp_c_cdc_rate6000_n1	push	trial2_median_ms	4.204978
isolation	exp_c_cdc_rate6000_n1	push	trial2_xact_commit_per_sec	196.458326
isolation	exp_c_cdc_rate6000_n1	push	across_trial_median_mean_ms	4.201831
isolation	exp_c_cdc_rate6000_n1	push	across_trial_median_std_ms	0.030503
isolation	exp_c_cdc_rate6000_n1	push	across_trial_xact_mean	195.810486
isolation	exp_c_cdc_rate6000_n1	push	consumer_count	1
isolation	exp_c_cdc_rate6000_n1	push	total_rate	6000
isolation	exp_c_cdc_rate6000_n1	poll@100ms	trial0_median_ms	73.352953
isolation	exp_c_cdc_rate6000_n1	poll@100ms	trial0_xact_commit_per_sec	221.870454
isolation	exp_c_cdc_rate6000_n1	poll@100ms	trial1_median_ms	79.706061
isolation	exp_c_cdc_rate6000_n1	poll@100ms	trial1_xact_commit_per_sec	214.869289
isolation	exp_c_cdc_rate6000_n1	poll@100ms	trial2_median_ms	77.894109
isolation	exp_c_cdc_rate6000_n1	poll@100ms	trial2_xact_commit_per_sec	216.981171
isolation	exp_c_cdc_rate6000_n1	poll@100ms	across_trial_median_mean_ms	76.984374
isolation	exp_c_cdc_rate6000_n1	poll@100ms	across_trial_median_std_ms	3.272798
isolation	exp_c_cdc_rate6000_n1	poll@100ms	across_trial_xact_mean	217.906971
isolation	exp_c_cdc_rate6000_n1	poll@100ms	consumer_count	1
isolation	exp_c_cdc_rate6000_n1	poll@100ms	total_rate	6000
isolation	exp_c_cdc_rate6000_n30	push	trial0_median_ms	6.213754
isolation	exp_c_cdc_rate6000_n30	push	trial0_xact_commit_per_sec	177.095496
isolation	exp_c_cdc_rate6000_n30	push	trial1_median_ms	6.212904
isolation	exp_c_cdc_rate6000_n30	push	trial1_xact_commit_per_sec	176.913804
isolation	exp_c_cdc_rate6000_n30	push	trial2_median_ms	6.189794
isolation	exp_c_cdc_rate6000_n30	push	trial2_xact_commit_per_sec	175.107409
isolation	exp_c_cdc_rate6000_n30	push	across_trial_median_mean_ms	6.205484
isolation	exp_c_cdc_rate6000_n30	push	across_trial_median_std_ms	0.013595
isolation	exp_c_cdc_rate6000_n30	push	across_trial_xact_mean	176.372236
isolation	exp_c_cdc_rate6000_n30	push	consumer_count	30
isolation	exp_c_cdc_rate6000_n30	push	total_rate	6000
isolation	exp_c_cdc_rate6000_n30	poll@100ms	trial0_median_ms	78.177177
isolation	exp_c_cdc_rate6000_n30	poll@100ms	trial0_xact_commit_per_sec	687.947757
isolation	exp_c_cdc_rate6000_n30	poll@100ms	trial1_median_ms	84.609095
isolation	exp_c_cdc_rate6000_n30	poll@100ms	trial1_xact_commit_per_sec	674.430827
isolation	exp_c_cdc_rate6000_n30	poll@100ms	trial2_median_ms	91.629217
isolation	exp_c_cdc_rate6000_n30	poll@100ms	trial2_xact_commit_per_sec	668.239713
isolation	exp_c_cdc_rate6000_n30	poll@100ms	across_trial_median_mean_ms	84.805163
isolation	exp_c_cdc_rate6000_n30	poll@100ms	across_trial_median_std_ms	6.728163
isolation	exp_c_cdc_rate6000_n30	poll@100ms	across_trial_xact_mean	676.872766
isolation	exp_c_cdc_rate6000_n30	poll@100ms	consumer_count	30
isolation	exp_c_cdc_rate6000_n30	poll@100ms	total_rate	6000
isolation	exp_c_cdc_rate6000_n100	push	trial0_median_ms	83.157690
isolation	exp_c_cdc_rate6000_n100	push	trial0_xact_commit_per_sec	137.322743
isolation	exp_c_cdc_rate6000_n100	push	trial1_median_ms	71.972846
isolation	exp_c_cdc_rate6000_n100	push	trial1_xact_commit_per_sec	137.897621
isolation	exp_c_cdc_rate6000_n100	push	trial2_median_ms	75.236426
isolation	exp_c_cdc_rate6000_n100	push	trial2_xact_commit_per_sec	140.871110
isolation	exp_c_cdc_rate6000_n100	push	across_trial_median_mean_ms	76.788987
isolation	exp_c_cdc_rate6000_n100	push	across_trial_median_std_ms	5.751784
isolation	exp_c_cdc_rate6000_n100	push	across_trial_xact_mean	138.697158
isolation	exp_c_cdc_rate6000_n100	push	consumer_count	100
isolation	exp_c_cdc_rate6000_n100	push	total_rate	6000
isolation	exp_c_cdc_rate6000_n100	poll@100ms	trial0_median_ms	161.133419
isolation	exp_c_cdc_rate6000_n100	poll@100ms	trial0_xact_commit_per_sec	1210.097026
isolation	exp_c_cdc_rate6000_n100	poll@100ms	trial1_median_ms	152.882272
isolation	exp_c_cdc_rate6000_n100	poll@100ms	trial1_xact_commit_per_sec	1238.015047
isolation	exp_c_cdc_rate6000_n100	poll@100ms	trial2_median_ms	145.639818
isolation	exp_c_cdc_rate6000_n100	poll@100ms	trial2_xact_commit_per_sec	1256.107703
isolation	exp_c_cdc_rate6000_n100	poll@100ms	across_trial_median_mean_ms	153.218503
isolation	exp_c_cdc_rate6000_n100	poll@100ms	across_trial_median_std_ms	7.752271
isolation	exp_c_cdc_rate6000_n100	poll@100ms	across_trial_xact_mean	1234.739925
isolation	exp_c_cdc_rate6000_n100	poll@100ms	consumer_count	100
isolation	exp_c_cdc_rate6000_n100	poll@100ms	total_rate	6000
isolation	exp_c_cdc_rate20000_n1	push	trial0_median_ms	5.173944
isolation	exp_c_cdc_rate20000_n1	push	trial0_xact_commit_per_sec	167.796690
isolation	exp_c_cdc_rate20000_n1	push	trial1_median_ms	5.203574
isolation	exp_c_cdc_rate20000_n1	push	trial1_xact_commit_per_sec	167.555584
isolation	exp_c_cdc_rate20000_n1	push	trial2_median_ms	5.103603
isolation	exp_c_cdc_rate20000_n1	push	trial2_xact_commit_per_sec	171.101652
isolation	exp_c_cdc_rate20000_n1	push	across_trial_median_mean_ms	5.160374
isolation	exp_c_cdc_rate20000_n1	push	across_trial_median_std_ms	0.051348
isolation	exp_c_cdc_rate20000_n1	push	across_trial_xact_mean	168.817976
isolation	exp_c_cdc_rate20000_n1	push	consumer_count	1
isolation	exp_c_cdc_rate20000_n1	push	total_rate	20000
isolation	exp_c_cdc_rate20000_n1	poll@100ms	trial0_median_ms	87.062233
isolation	exp_c_cdc_rate20000_n1	poll@100ms	trial0_xact_commit_per_sec	190.804814
isolation	exp_c_cdc_rate20000_n1	poll@100ms	trial1_median_ms	94.340219
isolation	exp_c_cdc_rate20000_n1	poll@100ms	trial1_xact_commit_per_sec	187.123765
isolation	exp_c_cdc_rate20000_n1	poll@100ms	trial2_median_ms	91.865978
isolation	exp_c_cdc_rate20000_n1	poll@100ms	trial2_xact_commit_per_sec	184.875021
isolation	exp_c_cdc_rate20000_n1	poll@100ms	across_trial_median_mean_ms	91.089477
isolation	exp_c_cdc_rate20000_n1	poll@100ms	across_trial_median_std_ms	3.700606
isolation	exp_c_cdc_rate20000_n1	poll@100ms	across_trial_xact_mean	187.601200
isolation	exp_c_cdc_rate20000_n1	poll@100ms	consumer_count	1
isolation	exp_c_cdc_rate20000_n1	poll@100ms	total_rate	20000
isolation	exp_c_cdc_rate20000_n30	push	trial0_median_ms	8.532920
isolation	exp_c_cdc_rate20000_n30	push	trial0_xact_commit_per_sec	140.051554
isolation	exp_c_cdc_rate20000_n30	push	trial1_median_ms	8.514360
isolation	exp_c_cdc_rate20000_n30	push	trial1_xact_commit_per_sec	140.541766
isolation	exp_c_cdc_rate20000_n30	push	trial2_median_ms	8.401187
isolation	exp_c_cdc_rate20000_n30	push	trial2_xact_commit_per_sec	143.262203
isolation	exp_c_cdc_rate20000_n30	push	across_trial_median_mean_ms	8.482822
isolation	exp_c_cdc_rate20000_n30	push	across_trial_median_std_ms	0.071305
isolation	exp_c_cdc_rate20000_n30	push	across_trial_xact_mean	141.285174
isolation	exp_c_cdc_rate20000_n30	push	consumer_count	30
isolation	exp_c_cdc_rate20000_n30	push	total_rate	20000
isolation	exp_c_cdc_rate20000_n30	poll@100ms	trial0_median_ms	103.350299
isolation	exp_c_cdc_rate20000_n30	poll@100ms	trial0_xact_commit_per_sec	643.871952
isolation	exp_c_cdc_rate20000_n30	poll@100ms	trial1_median_ms	107.825622
isolation	exp_c_cdc_rate20000_n30	poll@100ms	trial1_xact_commit_per_sec	634.965930
isolation	exp_c_cdc_rate20000_n30	poll@100ms	trial2_median_ms	103.531071
isolation	exp_c_cdc_rate20000_n30	poll@100ms	trial2_xact_commit_per_sec	636.217220
isolation	exp_c_cdc_rate20000_n30	poll@100ms	across_trial_median_mean_ms	104.902331
isolation	exp_c_cdc_rate20000_n30	poll@100ms	across_trial_median_std_ms	2.533258
isolation	exp_c_cdc_rate20000_n30	poll@100ms	across_trial_xact_mean	638.351701
isolation	exp_c_cdc_rate20000_n30	poll@100ms	consumer_count	30
isolation	exp_c_cdc_rate20000_n30	poll@100ms	total_rate	20000
isolation	exp_c_cdc_rate20000_n100	push	trial0_median_ms	5626.508950
isolation	exp_c_cdc_rate20000_n100	push	trial0_xact_commit_per_sec	120.577716
isolation	exp_c_cdc_rate20000_n100	push	trial1_median_ms	5716.163700
isolation	exp_c_cdc_rate20000_n100	push	trial1_xact_commit_per_sec	114.935615
isolation	exp_c_cdc_rate20000_n100	push	trial2_median_ms	5603.513098
isolation	exp_c_cdc_rate20000_n100	push	trial2_xact_commit_per_sec	117.267742
isolation	exp_c_cdc_rate20000_n100	push	across_trial_median_mean_ms	5648.728583
isolation	exp_c_cdc_rate20000_n100	push	across_trial_median_std_ms	59.521623
isolation	exp_c_cdc_rate20000_n100	push	across_trial_xact_mean	117.593691
isolation	exp_c_cdc_rate20000_n100	push	consumer_count	100
isolation	exp_c_cdc_rate20000_n100	push	total_rate	20000
isolation	exp_c_cdc_rate20000_n100	poll@100ms	trial0_median_ms	2318.399742
isolation	exp_c_cdc_rate20000_n100	poll@100ms	trial0_xact_commit_per_sec	620.203947
isolation	exp_c_cdc_rate20000_n100	poll@100ms	trial1_median_ms	897.044821
isolation	exp_c_cdc_rate20000_n100	poll@100ms	trial1_xact_commit_per_sec	655.675218
isolation	exp_c_cdc_rate20000_n100	poll@100ms	trial2_median_ms	1919.021844
isolation	exp_c_cdc_rate20000_n100	poll@100ms	trial2_xact_commit_per_sec	664.596621
isolation	exp_c_cdc_rate20000_n100	poll@100ms	across_trial_median_mean_ms	1711.488802
isolation	exp_c_cdc_rate20000_n100	poll@100ms	across_trial_median_std_ms	733.051789
isolation	exp_c_cdc_rate20000_n100	poll@100ms	across_trial_xact_mean	646.825262
isolation	exp_c_cdc_rate20000_n100	poll@100ms	consumer_count	100
isolation	exp_c_cdc_rate20000_n100	poll@100ms	total_rate	20000
